Workbook

Sheet User Inputs
A1: CIM Architectural Estimator Basic — User Inputs
A2: Edit only the yellow cells below. All other sheets compute automatically from these values.
A4: Array & System Configuration
A5: Parameter | B5: Value | C5: Unit | D5: Notes
A6: Array Size — Rows | B6: 32 | C6: rows
A7: Array Size — Cols | B7: 32 | C7: cols
A8: Number of CIM Arrays / Macros | B8: 128 | C8: arrays
A9: ADC Resolution | B9: 8 | C9: bits
A10: Weight Precision | B10: 4 | C10: bits
A11: Activation Precision | B11: 8 | C11: bits
A12: Clock Frequency | B12: 500 | C12: MHz
A14: Workload — Matrix Dimensions (M x K) . (K x N)
A15: Parameter | B15: Value | C15: Unit | D15: Notes
A16: Matrix Dimension M (rows of activation matrix) | B16: 196 | C16: tokens
A17: Matrix Dimension K (rows of weight matrix) | B17: 3200 | C17: elements
A18: Matrix Dimension N (cols of weight matrix) | B18: 160 | C18: elements
A20: Memory Configuration
A21: Parameter | B21: Value | C21: Unit | D21: Notes
A22: PSUM Memory Size (available capacity) | B22: 64 | C22: KB

Sheet Derived Hardware Parameters
A1: Derived Hardware Parameters
A2: All cells below are computed with formulas from 'User Inputs'. No manual edits needed.
A4: Processing Elements & ADCs
A5: Metric | B5: Value | C5: Unit | D5: Formula / Notes
A6: PEs per Array | B6: ='User Inputs'!B6*'User Inputs'!B7 -> 1024 | C6: PEs
A7: Total Number of PEs | B7: =B6*'User Inputs'!B8 -> 131072 | C7: PEs
A8: Number of ADCs per Array | B8: ='User Inputs'!B7 -> 32 | C8: ADCs
A9: Total Number of ADCs | B9: =B8*'User Inputs'!B8 -> 4096 | C9: ADCs

Sheet Workload Mapping
A1: Workload Mapping
A2: Maps the (M x K) . (K x N) matrix multiplication onto the array grid. Arrays execute tiles in parallel; batches only occur if there are more tiles than arrays.
A4: Tiling
A5: Metric | B5: Value | C5: Unit | D5: Formula / Notes
A6: Tiles along K (contraction dim) | B6: =CEILING('User Inputs'!B17/'User Inputs'!B6,1) -> 100 | C6: tiles
A7: Tiles along N (output dim) | B7: =CEILING('User Inputs'!B18/'User Inputs'!B7,1) -> 5 | C7: tiles
A8: Total Number of Tiles | B8: =B6*B7 -> 500 | C8: tiles
A9: Number of Arrays Available | B9: ='User Inputs'!B8 -> 128 | C9: arrays
A10: Number of Batches Required | B10: =CEILING(B8/B9,1) -> 4 | C10: batches
A11: Average Arrays Used per Batch | B11: =B8/B10 -> 125 | C11: arrays
A13: Compute Volume
A14: Metric | B14: Value | C14: Unit | D14: Formula / Notes
A15: Total MAC Operations | B15: ='User Inputs'!B16*'User Inputs'!B17*'User Inputs'!B18 -> 100352000 | C15: MACs

Sheet Performance Estimation
A1: Performance Estimation
A2: First-order estimate only. One clock cycle streams one row of M through a tile; no pipeline fill/drain, ADC settling, or timing overlap is modeled.
A4: Cycle Estimation
A5: Metric | B5: Value | C5: Unit | D5: Formula / Notes
A6: Cycles per Batch | B6: ='User Inputs'!B16 -> 196 | C6: cycles
A7: Total Estimated Execution Cycles | B7: ='Workload Mapping'!B10*B6 -> 784 | C7: cycles
A9: Latency & Throughput
A10: Metric | B10: Value | C10: Unit | D10: Formula / Notes
A11: Estimated Latency | B11: =B7/('User Inputs'!B12*1000000) -> 1.568e-06 | C11: s
A12: Estimated Latency | B12: =B11*1000 -> 0.001568 | C12: ms
A13: Estimated Throughput | B13: ='Workload Mapping'!B15/B11 -> 64000000000000 | C13: MACs/s
A14: Estimated Throughput | B14: =B13*2 -> 128000000000000 | C14: Ops/s
A15: Estimated Throughput | B15: =B14/1000000000000 -> 128 | C15: TOPS
A17: Array Utilization
A18: Metric | B18: Value | C18: Unit | D18: Formula / Notes
A19: Array Utilization | B19: ='Workload Mapping'!B11/'Workload Mapping'!B9 -> 0.9765625 | C19: %
A21: PSUM Memory
A22: Metric | B22: Value | C22: Unit | D22: Formula / Notes
A23: Estimated PSUM Accumulator Width | B23: ='User Inputs'!B10+'User Inputs'!B11+ROUNDUP(LOG('User Inputs'!B6,2),0) -> 17 | C23: bits
A24: Required PSUM Storage | B24: ='User Inputs'!B16*'User Inputs'!B18*B23/8/1024 -> 65.078125 | C24: KB
A25: Available PSUM Storage | B25: ='User Inputs'!B22 -> 64 | C25: KB
A26: Status | B26: =IF(B24<=B25,"Fits","Overflow") -> Overflow

Sheet Summary Dashboard
A1: Summary Dashboard — CIM First-Order Estimate
A2: Live links to the calculation sheets. Architecture-level estimate only — see the Assumptions sheet.
A4: Hardware
A5: Array Size | B5: Number of Arrays | C5: Total PEs | D5: Total ADCs
A6: ='User Inputs'!B6&" x "&'User Inputs'!B7 -> 32 x 32 | B6: ='User Inputs'!B8 -> 128 | C6: ='Derived Hardware Parameters'!B7 -> 131072 | D6: ='Derived Hardware Parameters'!B9 -> 4096
B7: arrays | C7: PEs | D7: ADCs
A8: Workload
A9: Matrix Size (M x K x N) | B9: Total Tiles | C9: Total Batches
A10: ='User Inputs'!B16&" x "&'User Inputs'!B17&" x "&'User Inputs'!B18 -> 196 x 3200 x 160 | B10: ='Workload Mapping'!B8 -> 500 | C10: ='Workload Mapping'!B10 -> 4
B11: tiles | C11: batches
A12: Performance
A13: Estimated Cycles | B13: Latency | C13: Throughput
A14: ='Performance Estimation'!B7 -> 784 | B14: ='Performance Estimation'!B12 -> 0.001568 | C14: ='Performance Estimation'!B15 -> 128
A15: cycles | B15: ms | C15: TOPS
A16: Memory
A17: Required PSUM | B17: Available PSUM | C17: Status
A18: ='Performance Estimation'!B24 -> 65.078125 | B18: ='Performance Estimation'!B25 -> 64 | C18: =IF('Performance Estimation'!B26="Fits","✓ Fits","❌ Overflow") -> ❌ Overflow
A19: KB | B19: KB
A20: Utilization
A21: Array Utilization
A22: ='Performance Estimation'!B19 -> 0.9765625
A24: Note: this is a first-order architectural estimator (fit, tiles, batches, array utilization, approximate cycles/latency/throughput, PSUM fit check). It does not model pipeline timing, ADC settling, analog non-idealities, routing delays, or RTL-level behavior. See the Assumptions sheet.

Sheet Assumptions
A1: Assumptions
A2: This workbook is a first-order architecture-level estimator only. It exists to sanity-check whether a workload fits an architecture before building the detailed cim_sim Python simulator.
A4: # | B4: Assumption
A5: 1 | B5: One ADC is assigned per column of a CIM array (ADCs per array = Array Cols).
A6: 2 | B6: One PE stores one weight; a 32x32 array therefore contains 1024 PEs (PEs per array = Array Rows x Array Cols).
A7: 3 | B7: The (M x K) . (K x N) matrix multiplication is partitioned into tiles sized to the array. ile is one piece of the matrix multiplication that fits into one 32×32 CIM array. A batch is the number of tiles that can be put in the cim arrays parallelly. Eg How many tiles can my 16 arrays handle at once?
A8: 4 | B8: Total tiles required = CEILING(K / Array Rows) x CEILING(N / Array Cols).
A9: 6 | B9: Batches occur only when the number of tiles exceeds the number of available arrays: Batches = CEILING(Total Tiles / Number of Arrays). One batch = one round of computation.
A10: 8 | B10: Total Estimated Execution Cycles = Batches x Cycles per Batch (batches run sequentially; tiles within a batch run in parallel across arrays).
A11: 9 | B11: Estimated Latency = Total Cycles / Clock Frequency.
A12: 10 | B12: 1 MAC (multiply-accumulate) is counted as 2 operations (1 multiply + 1 add) when converting MACs/s to Ops/s and TOPS.
A13: 11 | B13: Array Utilization = Arrays Used / Total Arrays, averaged across all batches (Total Tiles / Batches / Total Arrays).
A14: 12 | B14: Estimated PSUM accumulator width = Weight Precision + Activation Precision + log2(Array Rows), rounded up — a simple bound on bit growth from summing partial products.
A15: 13 | B15: Required PSUM Storage = M x N x (PSUM accumulator width in bits) / 8 / 1024 — enough KB to hold the full M x N output tile's accumulators before write-back.
A16: 18 | B16: Weight-write time for the CIM cells (e.g. for dynamic weights) is not included in this estimate.
